filename,label,recorder,split,recording_device,timestamp,duration_sec,notes,source_path
aryan_unverified__prachi__01.m4a,unverified,prachi,test,phone_m4a,2026-09-18_prachi,5.01,"generic filename; positive or negative unknown, needs a listen",Prachi/Aryan/Copy of New Recording 10.m4a
aryan_unverified__prachi__02.m4a,unverified,prachi,test,phone_m4a,2026-10-04_prachi,8.09,"generic filename; positive or negative unknown, needs a listen; second batch added 2026-10-04",Prachi/Aryan/Copy of New Recording 2.m4a
aryan_unverified__prachi__03.m4a,unverified,prachi,test,phone_m4a,2026-09-18_prachi,2.71,"generic filename; positive or negative unknown, needs a listen",Prachi/Aryan/Copy of New Recording 2.m4a
aryan_unverified__prachi__04.m4a,unverified,prachi,test,phone_m4a,2026-09-18_prachi,3.99,"generic filename; positive or negative unknown, needs a listen",Prachi/Aryan/Copy of New Recording 3.m4a
aryan_unverified__prachi__05.m4a,unverified,prachi,test,phone_m4a,2026-10-04_prachi,3.05,"generic filename; positive or negative unknown, needs a listen; second batch added 2026-10-04",Prachi/Aryan/Copy of New Recording 4.m4a
aryan_unverified__prachi__06.m4a,unverified,prachi,test,phone_m4a,2026-09-18_prachi,2.11,"generic filename; positive or negative unknown, needs a listen",Prachi/Aryan/Copy of New Recording 4.m4a
aryan_unverified__prachi__07.m4a,unverified,prachi,test,phone_m4a,2026-10-04_prachi,2.71,"generic filename; positive or negative unknown, needs a listen; second batch added 2026-10-04",Prachi/Aryan/Copy of New Recording 5.m4a
aryan_unverified__prachi__08.m4a,unverified,prachi,test,phone_m4a,2026-09-18_prachi,2.62,"generic filename; positive or negative unknown, needs a listen",Prachi/Aryan/Copy of New Recording 5.m4a
aryan_unverified__prachi__09.m4a,unverified,prachi,test,phone_m4a,2026-10-04_prachi,4.50,"generic filename; positive or negative unknown, needs a listen; second batch added 2026-10-04",Prachi/Aryan/Copy of New Recording 6.m4a
aryan_unverified__prachi__10.m4a,unverified,prachi,test,phone_m4a,2026-09-18_prachi,2.20,"generic filename; positive or negative unknown, needs a listen",Prachi/Aryan/Copy of New Recording 6.m4a
aryan_unverified__prachi__11.m4a,unverified,prachi,test,phone_m4a,2026-10-04_prachi,2.97,"generic filename; positive or negative unknown, needs a listen; second batch added 2026-10-04",Prachi/Aryan/Copy of New Recording 7.m4a
aryan_unverified__prachi__12.m4a,unverified,prachi,test,phone_m4a,2026-09-18_prachi,4.25,"generic filename; positive or negative unknown, needs a listen",Prachi/Aryan/Copy of New Recording 7.m4a
aryan_unverified__prachi__13.m4a,unverified,prachi,test,phone_m4a,2026-09-18_prachi,2.54,"generic filename; positive or negative unknown, needs a listen",Prachi/Aryan/Copy of New Recording 8.m4a
aryan_unverified__prachi__14.m4a,unverified,prachi,test,phone_m4a,2026-09-18_prachi,3.14,"generic filename; positive or negative unknown, needs a listen",Prachi/Aryan/Copy of New Recording 9.m4a
aryan_unverified__prachi__15.m4a,unverified,prachi,test,phone_m4a,2026-09-18_prachi,2.62,"generic filename; positive or negative unknown, needs a listen",Prachi/Aryan/Copy of New Recording.m4a
