filename,class,is_background,location_type,recording_device,distance_m,timestamp,notes,recorder,split,duration_sec,source_path
baby_cry__advika__01.m4a,baby_cry,false,apartment,phone_m4a,,2026-09-17_advika,,advika,train,8.06,Advika/baby cry/baby cry 1.m4a
baby_cry__advika__02.m4a,baby_cry,false,apartment,phone_m4a,,2026-09-17_advika,,advika,train,10.67,Advika/baby cry/baby cry 2.m4a
baby_cry__advika__03.m4a,baby_cry,false,apartment,phone_m4a,,2026-09-17_advika,,advika,train,5.10,Advika/baby cry/baby cry 3.m4a
baby_cry__advika__04.m4a,baby_cry,false,apartment,phone_m4a,,2026-09-17_advika,,advika,train,1.54,Advika/baby cry/baby cry 4.m4a
baby_cry__advika__05.mp3,baby_cry,false,apartment,unknown_mp3,,undated_advika,"mp3 with no recording metadata: confirm it was recorded by the team, not downloaded",advika,train,9.48,Advika/baby cry/baby cry 5.mp3
baby_cry__advika__06.mp3,baby_cry,false,apartment,unknown_mp3,,undated_advika,"mp3 with no recording metadata: confirm it was recorded by the team, not downloaded",advika,train,8.98,Advika/baby cry/baby cry 6.mp3
knocking__advika__01.m4a,knocking,false,apartment,iPhone_VoiceMemos,,2026-09-17_advika,"'door bang' filename: could be a slam rather than a knock, needs a listen",advika,train,2.22,Advika/door knocking/door bang 2.m4a
knocking__advika__02.m4a,knocking,false,apartment,iPhone_VoiceMemos,,2026-09-17_advika,"'door bang' filename: could be a slam rather than a knock, needs a listen",advika,train,2.13,Advika/door knocking/door bang 5
knocking__advika__03.m4a,knocking,false,apartment,iPhone_VoiceMemos,,2026-09-17_advika,"'door bang' filename: could be a slam rather than a knock, needs a listen",advika,train,2.22,Advika/door knocking/door bang.m4a
background_door_drawer__advika__01.m4a,background,true,apartment,iPhone_VoiceMemos,,2026-09-17_advika,"hard negative: door or drawer movement, not a knock",advika,train,2.82,Advika/door knocking/door close 1.m4a
background_door_drawer__advika__02.m4a,background,true,apartment,iPhone_VoiceMemos,,2026-09-17_advika,"hard negative: door or drawer movement, not a knock",advika,train,6.23,Advika/door knocking/door close 2.m4a
background_door_drawer__advika__03.m4a,background,true,apartment,iPhone_VoiceMemos,,2026-09-17_advika,"hard negative: door or drawer movement, not a knock",advika,train,2.92,Advika/door knocking/door open 1.m4a
background_door_drawer__advika__04.m4a,background,true,apartment,iPhone_VoiceMemos,,2026-09-17_advika,"hard negative: door or drawer movement, not a knock",advika,train,3.65,Advika/door knocking/door open 2.m4a
background_door_drawer__advika__05.m4a,background,true,apartment,iPhone_VoiceMemos,,2026-09-17_advika,"hard negative: door or drawer movement, not a knock",advika,train,2.84,Advika/door knocking/door open 3.m4a
knocking__advika__04.m4a,knocking,false,apartment,iPhone_VoiceMemos,,2026-09-17_advika,"'door bang' filename: could be a slam rather than a knock, needs a listen",advika,train,1.05,Advika/door knocking/doorbang2.m4a
background_door_drawer__advika__06.m4a,background,true,apartment,iPhone_VoiceMemos,,2026-09-17_advika,"hard negative: door or drawer movement, not a knock",advika,train,2.24,Advika/door knocking/drawer bang 3.m4a
background_door_drawer__advika__07.m4a,background,true,apartment,iPhone_VoiceMemos,,2026-09-17_advika,"hard negative: door or drawer movement, not a knock",advika,train,3.56,Advika/door knocking/drawer bang 4.m4a
knocking__advika__05.m4a,knocking,false,apartment,iPhone_VoiceMemos,,2026-09-17_advika,,advika,train,2.43,Advika/door knocking/glass 3.m4a
knocking__advika__06.m4a,knocking,false,apartment,iPhone_VoiceMemos,,2026-09-17_advika,,advika,train,3.48,Advika/door knocking/glass knock 2.m4a
knocking__advika__07.m4a,knocking,false,apartment,iPhone_VoiceMemos,,2026-09-17_advika,,advika,train,5.15,Advika/door knocking/glass knock 3.m4a
knocking__advika__08.m4a,knocking,false,apartment,iPhone_VoiceMemos,,2026-09-17_advika,,advika,train,2.22,Advika/door knocking/glass knock.m4a
knocking__advika__09.m4a,knocking,false,apartment,iPhone_VoiceMemos,,2026-09-17_advika,,advika,train,3.18,Advika/door knocking/glass4.m4a
knocking__advika__10.m4a,knocking,false,apartment,iPhone_VoiceMemos,,2026-09-17_advika,,advika,train,1.86,Advika/door knocking/wooden door
knocking__advika__11.m4a,knocking,false,apartment,iPhone_VoiceMemos,,2026-09-17_advika,,advika,train,1.79,Advika/door knocking/wooden door 2
knocking__advika__12.m4a,knocking,false,apartment,iPhone_VoiceMemos,,2026-09-17_advika,,advika,train,5.65,Advika/door knocking/wooden door 3
knocking__advika__13.m4a,knocking,false,apartment,iPhone_VoiceMemos,,2026-09-17_advika,,advika,train,3.39,Advika/door knocking/wooden door 4
knocking__advika__14.m4a,knocking,false,apartment,iPhone_VoiceMemos,,2026-09-17_advika,,advika,train,2.90,Advika/door knocking/wooden door 5
appliance_beep__advika__01.m4a,appliance_beep,false,apartment,iPhone_VoiceMemos,,2026-09-17_advika,microwave,advika,train,6.10,Advika/Microwave/microwave 1.m4a
appliance_beep__advika__02.m4a,appliance_beep,false,apartment,iPhone_VoiceMemos,,2026-09-17_advika,microwave,advika,train,4.01,Advika/Microwave/microwave 2.m4a
appliance_beep__advika__03.m4a,appliance_beep,false,apartment,iPhone_VoiceMemos,,2026-09-17_advika,microwave,advika,train,9.94,Advika/Microwave/microwave 3.m4a
appliance_beep__advika__04.m4a,appliance_beep,false,apartment,iPhone_VoiceMemos,,2026-09-17_advika,microwave,advika,train,6.25,Advika/Microwave/microwave 4.m4a
appliance_beep__advika__05.m4a,appliance_beep,false,apartment,iPhone_VoiceMemos,,2026-09-17_advika,microwave,advika,train,19.69,Advika/Microwave/microwave 5.m4a
appliance_beep__advika__06.m4a,appliance_beep,false,apartment,iPhone_VoiceMemos,,2026-09-17_advika,microwave,advika,train,5.65,Advika/Microwave/microwave 6.m4a
appliance_beep__advika__07.mp3,appliance_beep,false,apartment,unknown_mp3,,undated_advika,"microwave; mp3 with no recording metadata: confirm it was recorded by the team, not downloaded",advika,train,1.12,Advika/Microwave/microwave 7.mp3
appliance_beep__advika__08.mp3,appliance_beep,false,apartment,unknown_mp3,,undated_advika,"microwave; mp3 with no recording metadata: confirm it was recorded by the team, not downloaded",advika,train,8.57,Advika/Microwave/microwave 8.mp3
appliance_beep__advika__09.mp3,appliance_beep,false,apartment,unknown_mp3,,undated_advika,"microwave; mp3 with no recording metadata: confirm it was recorded by the team, not downloaded; long clip (126s), may need trimming",advika,train,125.81,Advika/Microwave/microwave 9.mp3
dog_bark__mahi__01.mp3,dog_bark,false,apartment,iPhone_video_export,,undated_mahi,"mp3 with no recording metadata: confirm it was recorded by the team, not downloaded",mahi,test,5.04,Mahi/dog barking/dog1.mp3
dog_bark__mahi__02.mp3,dog_bark,false,apartment,iPhone_video_export,,2026-08-10_mahi,"phone video from 2026-08-10, older than the recording sessions",mahi,test,2.88,Mahi/dog barking/dog10.mp3
dog_bark__mahi__03.mp3,dog_bark,false,apartment,iPhone_video_export,,2022-08-06_mahi,"phone video from 2022-08-06, older than the recording sessions",mahi,test,4.52,Mahi/dog barking/dog11.mp3
dog_bark__mahi__04.mp3,dog_bark,false,apartment,iPhone_video_export,,2024-11-25_mahi,"phone video from 2024-11-25, older than the recording sessions",mahi,test,1.18,Mahi/dog barking/dog2.mp3
dog_bark__mahi__05.mp3,dog_bark,false,apartment,iPhone_video_export,,2024-11-25_mahi,"phone video from 2024-11-25, older than the recording sessions",mahi,test,3.29,Mahi/dog barking/dog3.mp3
dog_bark__mahi__06.mp3,dog_bark,false,apartment,unknown_mp3,,undated_mahi,"mp3 with no recording metadata: confirm it was recorded by the team, not downloaded",mahi,test,24.66,Mahi/dog barking/dog4.mp3
dog_bark__mahi__07.mp3,dog_bark,false,apartment,iPhone_video_export,,undated_mahi,"mp3 with no recording metadata: confirm it was recorded by the team, not downloaded",mahi,test,6.14,Mahi/dog barking/dog5.mp3
dog_bark__mahi__08.mp3,dog_bark,false,apartment,iPhone_video_export,,undated_mahi,"mp3 with no recording metadata: confirm it was recorded by the team, not downloaded",mahi,test,6.74,Mahi/dog barking/dog6.mp3
dog_bark__mahi__09.mp3,dog_bark,false,apartment,unknown_mp3,,undated_mahi,"mp3 with no recording metadata: confirm it was recorded by the team, not downloaded",mahi,test,22.73,Mahi/dog barking/dog7.mp3
dog_bark__mahi__10.mp3,dog_bark,false,apartment,unknown_mp3,,undated_mahi,"mp3 with no recording metadata: confirm it was recorded by the team, not downloaded",mahi,test,4.39,Mahi/dog barking/dog8.mp3
dog_bark__mahi__11.mp3,dog_bark,false,apartment,iPhone_video_export,,2026-04-05_mahi,"phone video from 2026-04-05, older than the recording sessions",mahi,test,3.50,Mahi/dog barking/dog9.mp3
doorbell__mahi__01.m4a,doorbell,false,apartment,phone_m4a,,2026-09-17_mahi,,mahi,test,3.39,Mahi/doorbell/Andheri West 2.m4a
doorbell__mahi__02.m4a,doorbell,false,apartment,phone_m4a,,2026-09-17_mahi,,mahi,test,4.59,Mahi/doorbell/Andheri West 3.m4a
doorbell__mahi__03.m4a,doorbell,false,apartment,phone_m4a,,2026-09-17_mahi,,mahi,test,2.54,Mahi/doorbell/Andheri West 4.m4a
doorbell__mahi__04.m4a,doorbell,false,apartment,phone_m4a,,2026-09-17_mahi,,mahi,test,2.54,Mahi/doorbell/Andheri West.m4a
doorbell__mahi__05.mp3,doorbell,false,apartment,unknown_mp3,,undated_mahi,"mp3 with no recording metadata: confirm it was recorded by the team, not downloaded",mahi,test,6.64,Mahi/doorbell/doorbell.mp3
doorbell__mahi__06.mp3,doorbell,false,apartment,unknown_mp3,,undated_mahi,"mp3 with no recording metadata: confirm it was recorded by the team, not downloaded",mahi,test,4.88,Mahi/doorbell/doorbell2.mp3
appliance_beep__mahi__01.m4a,appliance_beep,false,apartment,phone_m4a,,2026-09-17_mahi,"washing machine; assumed to contain its beep, needs a listen",mahi,test,4.33,Mahi/washing machine/washing 2.m4a
appliance_beep__mahi__02.m4a,appliance_beep,false,apartment,phone_m4a,,2026-09-17_mahi,"washing machine; assumed to contain its beep, needs a listen",mahi,test,4.84,Mahi/washing machine/washing 3.m4a
appliance_beep__mahi__03.m4a,appliance_beep,false,apartment,phone_m4a,,2026-09-17_mahi,"washing machine; assumed to contain its beep, needs a listen",mahi,test,3.31,Mahi/washing machine/washing 4.m4a
appliance_beep__mahi__04.m4a,appliance_beep,false,apartment,iPhone_VoiceMemos,,2026-09-17_mahi,"washing machine; assumed to contain its beep, needs a listen",mahi,test,4.76,Mahi/washing machine/washing machine 2.m4a
appliance_beep__mahi__05.m4a,appliance_beep,false,apartment,iPhone_VoiceMemos,,2026-09-17_mahi,"washing machine; assumed to contain its beep, needs a listen",mahi,test,2.05,Mahi/washing machine/washing machine.m4a
background_washing_machine__mahi__01.mp3,background,true,apartment,unknown_mp3,,undated_mahi,"hard negative: drum spinning, no beep; mp3 with no recording metadata: confirm it was recorded by the team, not downloaded",mahi,test,10.70,Mahi/washing machine/washing-spinning.mp3
appliance_beep__mahi__06.m4a,appliance_beep,false,apartment,phone_m4a,,2026-09-17_mahi,"washing machine; assumed to contain its beep, needs a listen",mahi,test,3.22,Mahi/washing machine/washing.m4a
appliance_beep__mahi__07.mp3,appliance_beep,false,apartment,unknown_mp3,,undated_mahi,"washing machine; assumed to contain its beep, needs a listen; mp3 with no recording metadata: confirm it was recorded by the team, not downloaded",mahi,test,0.98,Mahi/washing machine/washing.mp3
doorbell__prachi__01.m4a,doorbell,false,apartment,phone_m4a,,2026-09-16_prachi,,prachi,test,4.59,Prachi/Doorbell/Copy of Doorbell 1.m4a
doorbell__prachi__02.m4a,doorbell,false,apartment,phone_m4a,,2026-09-16_prachi,,prachi,test,5.78,Prachi/Doorbell/Copy of Doorbell 10.m4a
doorbell__prachi__03.m4a,doorbell,false,apartment,phone_m4a,,2026-09-16_prachi,,prachi,test,5.01,Prachi/Doorbell/Copy of Doorbell 2.m4a
doorbell__prachi__04.m4a,doorbell,false,apartment,phone_m4a,,2026-09-16_prachi,,prachi,test,10.22,Prachi/Doorbell/Copy of Doorbell 3.m4a
doorbell__prachi__05.m4a,doorbell,false,apartment,phone_m4a,,2026-09-16_prachi,,prachi,test,6.12,Prachi/Doorbell/Copy of Doorbell 4.m4a
doorbell__prachi__06.m4a,doorbell,false,apartment,phone_m4a,,2026-09-16_prachi,,prachi,test,10.30,Prachi/Doorbell/Copy of Doorbell 5.m4a
doorbell__prachi__07.m4a,doorbell,false,apartment,phone_m4a,,2026-09-16_prachi,,prachi,test,5.95,Prachi/Doorbell/Copy of Doorbell 6.m4a
doorbell__prachi__08.m4a,doorbell,false,apartment,phone_m4a,,2026-09-16_prachi,,prachi,test,6.72,Prachi/Doorbell/Copy of Doorbell 7.m4a
doorbell__prachi__09.m4a,doorbell,false,apartment,phone_m4a,,2026-09-16_prachi,,prachi,test,7.06,Prachi/Doorbell/Copy of Doorbell 8.m4a
doorbell__prachi__10.m4a,doorbell,false,apartment,phone_m4a,,2026-09-16_prachi,,prachi,test,4.59,Prachi/Doorbell/Copy of Doorbell 9.m4a
background_kitchen__prachi__01.m4a,background,true,domestic_kitchen,phone_m4a,,2026-09-16_prachi,,prachi,test,3.22,Prachi/Kitchen/Copy of Kitchen 1.m4a
background_kitchen__prachi__02.m4a,background,true,domestic_kitchen,phone_m4a,,2026-09-16_prachi,,prachi,test,11.24,Prachi/Kitchen/Copy of Kitchen 10.m4a
background_kitchen__prachi__03.m4a,background,true,domestic_kitchen,phone_m4a,,2026-09-16_prachi,,prachi,test,4.93,Prachi/Kitchen/Copy of Kitchen 11.m4a
background_kitchen__prachi__04.m4a,background,true,domestic_kitchen,phone_m4a,,2026-09-16_prachi,,prachi,test,3.99,Prachi/Kitchen/Copy of Kitchen 2.m4a
background_kitchen__prachi__05.m4a,background,true,domestic_kitchen,phone_m4a,,2026-09-16_prachi,,prachi,test,4.16,Prachi/Kitchen/Copy of Kitchen 3.m4a
background_kitchen__prachi__06.m4a,background,true,domestic_kitchen,phone_m4a,,2026-09-16_prachi,,prachi,test,7.74,Prachi/Kitchen/Copy of Kitchen 4.m4a
background_kitchen__prachi__07.m4a,background,true,domestic_kitchen,phone_m4a,,2026-09-16_prachi,,prachi,test,4.33,Prachi/Kitchen/Copy of Kitchen 5.m4a
background_kitchen__prachi__08.m4a,background,true,domestic_kitchen,phone_m4a,,2026-09-16_prachi,,prachi,test,7.91,Prachi/Kitchen/Copy of Kitchen 6.m4a
background_kitchen__prachi__09.m4a,background,true,domestic_kitchen,phone_m4a,,2026-09-16_prachi,,prachi,test,3.90,Prachi/Kitchen/Copy of Kitchen 7.m4a
background_kitchen__prachi__10.m4a,background,true,domestic_kitchen,phone_m4a,,2026-09-16_prachi,,prachi,test,8.51,Prachi/Kitchen/Copy of Kitchen 8.m4a
background_kitchen__prachi__11.m4a,background,true,domestic_kitchen,phone_m4a,,2026-09-16_prachi,,prachi,test,8.09,Prachi/Kitchen/Copy of Kitchen 9.m4a
background_temple__prachi__01.m4a,background,true,temple,phone_m4a,,2026-09-16_prachi,,prachi,test,4.25,Prachi/Temple/Copy of Temple 1.m4a
background_temple__prachi__02.m4a,background,true,temple,phone_m4a,,2026-09-16_prachi,,prachi,test,8.43,Prachi/Temple/Copy of Temple 10.m4a
background_temple__prachi__03.m4a,background,true,temple,phone_m4a,,2026-09-16_prachi,,prachi,test,3.48,Prachi/Temple/Copy of Temple 11.m4a
background_temple__prachi__04.m4a,background,true,temple,phone_m4a,,2026-09-16_prachi,,prachi,test,5.70,Prachi/Temple/Copy of Temple 2.m4a
background_temple__prachi__05.m4a,background,true,temple,phone_m4a,,2026-09-16_prachi,,prachi,test,10.56,Prachi/Temple/Copy of Temple 3.m4a
background_temple__prachi__06.m4a,background,true,temple,phone_m4a,,2026-09-16_prachi,,prachi,test,5.44,Prachi/Temple/Copy of Temple 4.m4a
background_temple__prachi__07.m4a,background,true,temple,phone_m4a,,2026-09-16_prachi,,prachi,test,5.70,Prachi/Temple/Copy of Temple 5.m4a
background_temple__prachi__08.m4a,background,true,temple,phone_m4a,,2026-09-16_prachi,,prachi,test,6.38,Prachi/Temple/Copy of Temple 6.m4a
background_temple__prachi__09.m4a,background,true,temple,phone_m4a,,2026-09-16_prachi,,prachi,test,5.18,Prachi/Temple/Copy of Temple 7.m4a
background_temple__prachi__10.m4a,background,true,temple,phone_m4a,,2026-09-16_prachi,,prachi,test,5.87,Prachi/Temple/Copy of Temple 8.m4a
background_temple__prachi__11.m4a,background,true,temple,phone_m4a,,2026-09-16_prachi,,prachi,test,5.18,Prachi/Temple/Copy of Temple 9.m4a
background_hawker__raj__01.m4a,background,true,street_market,phone_m4a,,2026-09-16_raj,,raj,train,8.51,Raj/Hawker/Hawker01.m4a
background_hawker__raj__02.m4a,background,true,street_market,phone_m4a,,2026-09-16_raj,,raj,train,8.85,Raj/Hawker/Hawker02.m4a
background_hawker__raj__03.m4a,background,true,street_market,phone_m4a,,2026-09-16_raj,,raj,train,8.43,Raj/Hawker/Hawker03.m4a
background_hawker__raj__04.m4a,background,true,street_market,phone_m4a,,2026-09-16_raj,,raj,train,8.17,Raj/Hawker/Hawker04.m4a
background_hawker__raj__05.m4a,background,true,street_market,phone_m4a,,2026-09-16_raj,,raj,train,9.54,Raj/Hawker/Hawker05.m4a
background_hawker__raj__06.m4a,background,true,street_market,phone_m4a,,2026-09-16_raj,,raj,train,7.83,Raj/Hawker/Hawker06.m4a
background_hawker__raj__07.m4a,background,true,street_market,phone_m4a,,2026-09-16_raj,,raj,train,9.88,Raj/Hawker/Hawker07.m4a
background_hawker__raj__08.m4a,background,true,street_market,phone_m4a,,2026-09-16_raj,,raj,train,10.30,Raj/Hawker/Hawker08.m4a
background_hawker__raj__09.m4a,background,true,street_market,phone_m4a,,2026-09-16_raj,,raj,train,7.23,Raj/Hawker/Hawker09.m4a
background_hawker__raj__10.m4a,background,true,street_market,phone_m4a,,2026-09-16_raj,,raj,train,8.43,Raj/Hawker/Hawker10.m4a
background_rain__raj__01.m4a,background,true,outdoor_rain,phone_m4a,,2026-09-16_raj,,raj,train,6.04,Raj/Rain/Rain01.m4a
background_rain__raj__02.m4a,background,true,outdoor_rain,phone_m4a,,2026-09-16_raj,,raj,train,9.19,Raj/Rain/Rain02.m4a
background_rain__raj__03.m4a,background,true,outdoor_rain,phone_m4a,,2026-09-16_raj,,raj,train,6.72,Raj/Rain/Rain03.m4a
background_rain__raj__04.m4a,background,true,outdoor_rain,phone_m4a,,2026-09-16_raj,,raj,train,7.40,Raj/Rain/Rain04.m4a
background_rain__raj__05.m4a,background,true,outdoor_rain,phone_m4a,,2026-09-16_raj,,raj,train,5.27,Raj/Rain/Rain05.m4a
background_rain__raj__06.m4a,background,true,outdoor_rain,phone_m4a,,2026-09-16_raj,,raj,train,5.18,Raj/Rain/Rain06.m4a
background_rain__raj__07.m4a,background,true,outdoor_rain,phone_m4a,,2026-09-16_raj,,raj,train,6.46,Raj/Rain/Rain07.m4a
background_rain__raj__08.m4a,background,true,outdoor_rain,phone_m4a,,2026-09-16_raj,,raj,train,6.46,Raj/Rain/Rain08.m4a
background_rain__raj__09.m4a,background,true,outdoor_rain,phone_m4a,,2026-09-16_raj,,raj,train,7.32,Raj/Rain/Rain09.m4a
background_rain__raj__10.m4a,background,true,outdoor_rain,phone_m4a,,2026-09-16_raj,,raj,train,6.89,Raj/Rain/Rain10.m4a
background_tv__raj__01.m4a,background,true,apartment,phone_m4a,,2026-09-16_raj,,raj,train,8.51,Raj/TV/TV01.m4a
background_tv__raj__02.m4a,background,true,apartment,phone_m4a,,2026-09-16_raj,,raj,train,9.11,Raj/TV/TV02.m4a
background_tv__raj__03.m4a,background,true,apartment,phone_m4a,,2026-09-16_raj,,raj,train,8.34,Raj/TV/TV03.m4a
background_tv__raj__04.m4a,background,true,apartment,phone_m4a,,2026-09-16_raj,,raj,train,6.81,Raj/TV/TV04.m4a
background_tv__raj__05.m4a,background,true,apartment,phone_m4a,,2026-09-16_raj,,raj,train,8.51,Raj/TV/TV05.m4a
background_tv__raj__06.m4a,background,true,apartment,phone_m4a,,2026-09-16_raj,,raj,train,7.83,Raj/TV/TV06.m4a
background_tv__raj__07.m4a,background,true,apartment,phone_m4a,,2026-09-16_raj,,raj,train,8.17,Raj/TV/TV07.m4a
background_tv__raj__08.m4a,background,true,apartment,phone_m4a,,2026-09-16_raj,,raj,train,8.43,Raj/TV/TV08.m4a
background_tv__raj__09.m4a,background,true,apartment,phone_m4a,,2026-09-16_raj,,raj,train,7.66,Raj/TV/TV09.m4a
background_tv__raj__10.m4a,background,true,apartment,phone_m4a,,2026-09-16_raj,,raj,train,7.91,Raj/TV/TV10.m4a
